{
	"books":[
		{"category":"0523511","author":"1","bookname":"Ajax编程语言"},
		{"category":"0523512","author":"2","bookname":"WEB编程语言"},
		{"category":"0523513","author":"3","bookname":"JS编程语言"},
		{"category":"0523514","author":"4","bookname":"C#编程语言"},
		{"category":"0523515","author":"5","bookname":"C++编程语言"},
		{"category":"0523516","author":"6","bookname":"JAVA编程语言"},
		{"category":"0523517","author":"7","bookname":"Node编程语言"}
	]
}